sitename,county,aqi,status,pm2.5,datacreationdate,longigude
屏東(枋山),屏東縣,101,臭氧八小時,對敏感族群不健康,0.4,0.14
花蓮（美崙）,花蓮縣,35,,良好,0.2,0.23
新北（樹林）,新北市,69,二氧化氮,普通,2,0.65
台中市（和平區消防隊）,臺中市,56,細懸浮微粒,普通,0.7,0.36
屏東（琉球）,屏東縣,84,臭氧八小時,普通,1.1,0.21
臺南（麻豆）,臺南市,83,懸浮微粒,普通,1.1,0.22
高雄（湖內）,高雄市,108,細懸浮微粒,對敏感族群不健康,1.9,0.49
宜蘭（頭城）,宜蘭縣,40,,良好,1.5,0.14
員林,彰化縣,84,細懸浮微粒,普通,1.3,0.29
大城,彰化縣,61,細懸浮微粒,普通,0.8,
富貴角,新北市,46,,良好,0.6,0.19
麥寮,雲林縣,71,細懸浮微粒,普通,1,0.18
關山,臺東縣,34,,良好,0.4,0.14
馬公,澎湖縣,54,細懸浮微粒,普通,1,0.19
金門,金門縣,73,細懸浮微粒,普通,1.2,0.33
馬祖,連江縣,76,細懸浮微粒,普通,1.7,0.33
埔里,南投縣,56,細懸浮微粒,普通,1.6,0.34
復興,高雄市,102,細懸浮微粒,對敏感族群不健康,1.5,0.72
永和,新北市,33,,良好,0.3,0.46
竹山,南投縣,95,細懸浮微粒,普通,1.9,0.4
中壢,桃園市,76,細懸浮微粒,普通,1.8,1.36
三重,新北市,62,二氧化氮,普通,1.1,1.11
冬山,宜蘭縣,38,,良好,0.4,0.23
宜蘭,宜蘭縣,36,,良好,0.5,0.35
陽明,臺北市,39,,良好,0.5,0.19
花蓮,花蓮縣,34,,良好,1.3,0.42
臺東,臺東縣,37,,良好,,
恆春,屏東縣,40,,良好,0.4,0.13
潮州,屏東縣,103,細懸浮微粒,對敏感族群不健康,1.3,0.34
屏東,屏東縣,100,細懸浮微粒,普通,1.3,0.61
小港,高雄市,100,細懸浮微粒,普通,3.1,0.31
前鎮,高雄市,98,細懸浮微粒,普通,1.5,0.54
前金,高雄市,92,細懸浮微粒,普通,1.3,0.36
左營,高雄市,93,細懸浮微粒,普通,1.5,0.29
楠梓,高雄市,101,懸浮微粒,對敏感族群不健康,1.9,0.48
林園,高雄市,91,細懸浮微粒,普通,1,0.26
大寮,高雄市,105,細懸浮微粒,對敏感族群不健康,1.5,0.43
鳳山,高雄市,99,細懸浮微粒,普通,1.9,1.1
仁武,高雄市,95,細懸浮微粒,普通,1.2,0.42
橋頭,高雄市,116,細懸浮微粒,對敏感族群不健康,1.8,0.49
美濃,高雄市,96,細懸浮微粒,普通,1.2,0.35
臺南,臺南市,90,細懸浮微粒,普通,1.3,0.42
安南,臺南市,87,懸浮微粒,普通,0.6,0.26
善化,臺南市,88,細懸浮微粒,普通,1.4,0.25
新營,臺南市,79,細懸浮微粒,普通,0.7,0.26
嘉義,嘉義市,82,細懸浮微粒,普通,2.1,0.33
臺西,雲林縣,59,細懸浮微粒,普通,0.7,0.19
朴子,嘉義縣,74,細懸浮微粒,普通,1.7,0.24
新港,嘉義縣,79,細懸浮微粒,普通,0.9,0.2
崙背,雲林縣,92,細懸浮微粒,普通,0.8,0.21
斗六,雲林縣,90,細懸浮微粒,普通,1.9,0.38
南投,南投縣,74,細懸浮微粒,普通,1.5,0.36
二林,彰化縣,75,細懸浮微粒,普通,2.1,0.21
線西,彰化縣,65,細懸浮微粒,普通,1.3,0.2
彰化,彰化縣,74,細懸浮微粒,普通,0.6,0.26
西屯,臺中市,67,細懸浮微粒,普通,1.1,0.25
忠明,臺中市,75,細懸浮微粒,普通,1.4,0.32
大里,臺中市,74,細懸浮微粒,普通,1.3,0.46
沙鹿,臺中市,66,細懸浮微粒,普通,1,0.21
豐原,臺中市,80,細懸浮微粒,普通,2.3,0.29
三義,苗栗縣,52,細懸浮微粒,普通,1.1,0.25
苗栗,苗栗縣,61,細懸浮微粒,普通,1.7,0.2
頭份,苗栗縣,60,懸浮微粒,普通,1.4,0.27
新竹,新竹市,57,細懸浮微粒,普通,0.4,0.31
竹東,新竹縣,61,細懸浮微粒,普通,0,0.3
湖口,新竹縣,60,細懸浮微粒,普通,0.6,0.21
龍潭,桃園市,85,細懸浮微粒,普通,2.2,0.42
平鎮,桃園市,64,細懸浮微粒,普通,1.7,0.4
觀音,桃園市,50,,良好,0.5,0.17
大園,桃園市,60,細懸浮微粒,普通,1.8,0.34
桃園,桃園市,62,二氧化氮,普通,2.9,0.49
大同,臺北市,40,,良好,,
松山,臺北市,32,,良好,1.8,0.23
古亭,臺北市,36,,良好,1,0.39
萬華,臺北市,59,二氧化氮,普通,0.4,0.57
中山,臺北市,55,二氧化氮,普通,0.9,0.56
士林,臺北市,39,,良好,0.7,0.22
淡水,新北市,37,,良好,0.4,0.2
林口,新北市,43,,良好,1.3,0.36
菜寮,新北市,51,二氧化氮,普通,0.6,0.46
新莊,新北市,52,二氧化氮,普通,0.3,0.5
板橋,新北市,54,二氧化氮,普通,0.5,0.67
土城,新北市,35,,良好,0.6,0.45
新店,新北市,39,,良好,0.5,0.24
萬里,新北市,37,,良好,0.1,0.22
汐止,新北市,50,,良好,0.4,0.39
基隆,基隆市,39,,良好,0.9,0.19
屏東(枋山),屏東縣,115,臭氧八小時,對敏感族群不健康,0.8,0.19
花蓮（美崙）,花蓮縣,35,,良好,0.1,0.18
新北（樹林）,新北市,64,二氧化氮,普通,1.3,0.59
台中市（和平區消防隊）,臺中市,53,細懸浮微粒,普通,0.6,0.41
屏東（琉球）,屏東縣,84,細懸浮微粒,普通,1,0.21
臺南（麻豆）,臺南市,84,懸浮微粒,普通,1.3,0.23
高雄（湖內）,高雄市,104,細懸浮微粒,對敏感族群不健康,1.9,0.4
宜蘭（頭城）,宜蘭縣,41,,良好,1.4,0.14
員林,彰化縣,84,細懸浮微粒,普通,1.6,0.31
大城,彰化縣,62,細懸浮微粒,普通,0.8,
富貴角,新北市,46,,良好,1,0.18
麥寮,雲林縣,69,細懸浮微粒,普通,1.1,0.19
關山,臺東縣,33,,良好,0.6,0.14
馬公,澎湖縣,54,細懸浮微粒,普通,1,0.2
金門,金門縣,76,細懸浮微粒,普通,1.3,0.38
馬祖,連江縣,69,細懸浮微粒,普通,1.6,0.3
埔里,南投縣,52,細懸浮微粒,普通,1.7,0.36
復興,高雄市,101,細懸浮微粒,對敏感族群不健康,2.4,0.61
永和,新北市,33,,良好,0.3,0.42
竹山,南投縣,90,細懸浮微粒,普通,2.2,0.37
中壢,桃園市,72,細懸浮微粒,普通,1,1.09
三重,新北市,62,二氧化氮,普通,1.1,1.23
冬山,宜蘭縣,39,,良好,0.6,0.2
宜蘭,宜蘭縣,38,,良好,0.6,0.28
陽明,臺北市,39,,良好,0.4,0.19
花蓮,花蓮縣,36,,良好,1.1,0.43
臺東,臺東縣,37,,良好,0.7,0.25
恆春,屏東縣,40,,良好,1,0.14
潮州,屏東縣,97,細懸浮微粒,普通,1.6,0.32
屏東,屏東縣,104,細懸浮微粒,對敏感族群不健康,1.4,0.6
小港,高雄市,101,細懸浮微粒,對敏感族群不健康,2.7,0.32
前鎮,高雄市,95,細懸浮微粒,普通,3.2,0.35
前金,高雄市,93,細懸浮微粒,普通,1.2,0.39
左營,高雄市,95,細懸浮微粒,普通,1.4,0.27
楠梓,高雄市,99,細懸浮微粒,普通,2.1,0.46
林園,高雄市,91,細懸浮微粒,普通,1.1,0.26
大寮,高雄市,102,細懸浮微粒,對敏感族群不健康,1.4,0.45
鳳山,高雄市,101,細懸浮微粒,對敏感族群不健康,2.1,1.34
仁武,高雄市,96,細懸浮微粒,普通,1.4,0.43
橋頭,高雄市,113,細懸浮微粒,對敏感族群不健康,1.7,0.44
美濃,高雄市,84,細懸浮微粒,普通,1.3,0.3
臺南,臺南市,91,細懸浮微粒,普通,1.3,0.43
安南,臺南市,90,懸浮微粒,普通,0.9,0.29
善化,臺南市,87,細懸浮微粒,普通,1.6,0.25
新營,臺南市,81,懸浮微粒,普通,0.6,0.28
嘉義,嘉義市,78,細懸浮微粒,普通,1.9,0.3
臺西,雲林縣,62,細懸浮微粒,普通,0.6,0.2
朴子,嘉義縣,73,細懸浮微粒,普通,1.8,0.27
新港,嘉義縣,78,細懸浮微粒,普通,0.9,0.21
崙背,雲林縣,91,細懸浮微粒,普通,0.9,0.24
斗六,雲林縣,84,細懸浮微粒,普通,1.8,0.35
南投,南投縣,68,細懸浮微粒,普通,1.7,0.44
二林,彰化縣,76,細懸浮微粒,普通,2,0.23
線西,彰化縣,68,細懸浮微粒,普通,2.3,0.3
彰化,彰化縣,75,細懸浮微粒,普通,0.8,0.31
西屯,臺中市,66,細懸浮微粒,普通,1.1,0.28
忠明,臺中市,73,細懸浮微粒,普通,1.6,0.37
大里,臺中市,72,細懸浮微粒,普通,1.2,0.51
沙鹿,臺中市,68,細懸浮微粒,普通,1,0.23
豐原,臺中市,76,細懸浮微粒,普通,2.5,0.31
三義,苗栗縣,48,,良好,1.3,0.26
苗栗,苗栗縣,57,細懸浮微粒,普通,1.9,0.23
頭份,苗栗縣,57,懸浮微粒,普通,1.5,0.24
新竹,新竹市,56,細懸浮微粒,普通,0.3,0.39
竹東,新竹縣,59,細懸浮微粒,普通,0,0.37
湖口,新竹縣,61,細懸浮微粒,普通,0.7,0.3
龍潭,桃園市,81,細懸浮微粒,普通,2.9,0.53
平鎮,桃園市,59,細懸浮微粒,普通,1.5,0.44
觀音,桃園市,50,,良好,0.6,0.22
大園,桃園市,58,細懸浮微粒,普通,2.1,0.46
桃園,桃園市,64,二氧化氮,普通,4.2,0.56
大同,臺北市,62,二氧化氮,普通,1,1.06
松山,臺北市,32,,良好,1.8,0.25
古亭,臺北市,37,,良好,1.3,0.28
萬華,臺北市,57,二氧化氮,普通,0.4,0.54
中山,臺北市,57,二氧化氮,普通,0.9,0.73
士林,臺北市,39,,良好,0.6,0.26
淡水,新北市,37,,良好,0.4,0.24
林口,新北市,44,,良好,1.3,0.38
菜寮,新北市,52,二氧化氮,普通,0.6,0.57
新莊,新北市,38,,良好,0.4,0.41
板橋,新北市,54,二氧化氮,普通,0.3,0.68
土城,新北市,37,,良好,0.6,0.41
新店,新北市,39,,良好,0.4,0.29
萬里,新北市,39,,良好,0.2,0.21
汐止,新北市,33,,良好,0.4,0.34
基隆,基隆市,39,,良好,0.9,0.21
屏東(枋山),屏東縣,118,臭氧八小時,對敏感族群不健康,1.1,0.22
花蓮（美崙）,花蓮縣,35,,良好,0,0.16
新北（樹林）,新北市,58,懸浮微粒,普通,0.9,0.4
台中市（和平區消防隊）,臺中市,52,細懸浮微粒,普通,1,0.37
屏東（琉球）,屏東縣,86,細懸浮微粒,普通,1.3,0.26
臺南（麻豆）,臺南市,83,懸浮微粒,普通,1.5,0.24
高雄（湖內）,高雄市,104,細懸浮微粒,對敏感族群不健康,1.8,0.33
宜蘭（頭城）,宜蘭縣,40,,良好,1.3,0.13
員林,彰化縣,82,細懸浮微粒,普通,2.6,0.34
大城,彰化縣,61,細懸浮微粒,普通,0.8,
富貴角,新北市,46,,良好,1.2,0.15
麥寮,雲林縣,68,細懸浮微粒,普通,1.2,0.22
關山,臺東縣,31,,良好,0.7,0.14
馬公,澎湖縣,54,細懸浮微粒,普通,1.1,0.23
金門,金門縣,75,細懸浮微粒,普通,1.6,0.4
馬祖,連江縣,66,細懸浮微粒,普通,1.9,0.35
埔里,南投縣,48,,良好,1.6,0.33
復興,高雄市,102,細懸浮微粒,對敏感族群不健康,2.1,0.47
永和,新北市,33,,良好,0.3,0.34
竹山,南投縣,87,細懸浮微粒,普通,2.5,0.35
中壢,桃園市,71,細懸浮微粒,普通,1.6,0.95
三重,新北市,60,二氧化氮,普通,0.7,1.04
冬山,宜蘭縣,37,,良好,0.5,0.17
宜蘭,宜蘭縣,38,,良好,0.5,0.27
陽明,臺北市,40,,良好,0.6,0.19
花蓮,花蓮縣,38,,良好,0.9,0.42
臺東,臺東縣,36,,良好,0.8,0.27
恆春,屏東縣,40,,良好,0.7,0.14
潮州,屏東縣,93,細懸浮微粒,普通,1.9,0.32
屏東,屏東縣,107,細懸浮微粒,對敏感族群不健康,2,0.45
小港,高雄市,103,細懸浮微粒,對敏感族群不健康,2.9,0.36
前鎮,高雄市,99,細懸浮微粒,普通,3.3,0.34
前金,高雄市,96,細懸浮微粒,普通,1.2,0.38
左營,高雄市,99,細懸浮微粒,普通,1.3,0.26
楠梓,高雄市,99,細懸浮微粒,普通,2.1,0.39
林園,高雄市,94,細懸浮微粒,普通,1,0.27
大寮,高雄市,101,細懸浮微粒,對敏感族群不健康,1.5,0.37
鳳山,高雄市,103,細懸浮微粒,對敏感族群不健康,2.2,1.07
仁武,高雄市,98,細懸浮微粒,普通,1.1,0.36
橋頭,高雄市,111,細懸浮微粒,對敏感族群不健康,1.7,0.41
美濃,高雄市,80,細懸浮微粒,普通,1.3,0.29
臺南,臺南市,91,細懸浮微粒,普通,1.5,0.37
安南,臺南市,92,懸浮微粒,普通,1,0.29
善化,臺南市,88,細懸浮微粒,普通,1.8,0.23
新營,臺南市,83,懸浮微粒,普通,0.9,0.27
嘉義,嘉義市,76,細懸浮微粒,普通,2.2,0.32
臺西,雲林縣,64,細懸浮微粒,普通,0.3,0.21
朴子,嘉義縣,73,細懸浮微粒,普通,1.9,0.27
新港,嘉義縣,79,細懸浮微粒,普通,1.2,0.23
崙背,雲林縣,84,細懸浮微粒,普通,1.2,0.26
斗六,雲林縣,83,細懸浮微粒,普通,1.9,0.32
南投,南投縣,63,細懸浮微粒,普通,1.8,0.44
二林,彰化縣,74,細懸浮微粒,普通,2,0.21
線西,彰化縣,69,細懸浮微粒,普通,1.7,0.24
彰化,彰化縣,76,細懸浮微粒,普通,1.1,0.35
西屯,臺中市,66,細懸浮微粒,普通,1.2,0.28
忠明,臺中市,68,細懸浮微粒,普通,2.5,0.33
大里,臺中市,73,細懸浮微粒,普通,,0.41
沙鹿,臺中市,67,細懸浮微粒,普通,1.1,0.24
豐原,臺中市,73,細懸浮微粒,普通,2.4,0.32
三義,苗栗縣,42,,良好,1.7,0.24
苗栗,苗栗縣,55,細懸浮微粒,普通,2.4,0.24
頭份,苗栗縣,52,細懸浮微粒,普通,,0.25
新竹,新竹市,52,細懸浮微粒,普通,0.7,0.29
竹東,新竹縣,55,細懸浮微粒,普通,0.4,0.41
湖口,新竹縣,56,細懸浮微粒,普通,0.7,0.22
龍潭,桃園市,68,細懸浮微粒,普通,3.1,0.44
平鎮,桃園市,56,細懸浮微粒,普通,1.8,0.51
觀音,桃園市,45,,良好,0.9,0.23
大園,桃園市,54,細懸浮微粒,普通,4.6,0.4
桃園,桃園市,57,二氧化氮,普通,6.8,0.53
大同,臺北市,61,二氧化氮,普通,1.1,1.38
松山,臺北市,32,,良好,2,0.25
古亭,臺北市,37,,良好,1.2,0.23
萬華,臺北市,45,,良好,0.5,0.4
中山,臺北市,53,二氧化氮,普通,0.9,0.53
士林,臺北市,39,,良好,0.5,0.24
淡水,新北市,37,,良好,1,0.31
林口,新北市,44,,良好,1.5,0.32
菜寮,新北市,35,,良好,0.6,0.47
新莊,新北市,42,,良好,0.5,0.31
板橋,新北市,45,,良好,0.7,0.48
土城,新北市,37,,良好,0.6,0.39
新店,新北市,38,,良好,0.3,0.23
萬里,新北市,39,,良好,0.1,0.2
汐止,新北市,33,,良好,0.4,0.28
基隆,基隆市,39,,良好,0.8,0.2
屏東(枋山),屏東縣,108,臭氧八小時,對敏感族群不健康,0.9,0.19
花蓮（美崙）,花蓮縣,34,,良好,0,0.15
新北（樹林）,新北市,59,懸浮微粒,普通,1.6,0.24
台中市（和平區消防隊）,臺中市,44,,良好,1,0.37
屏東（琉球）,屏東縣,95,細懸浮微粒,普通,1.6,0.25
臺南（麻豆）,臺南市,82,懸浮微粒,普通,1.6,0.21
高雄（湖內）,高雄市,106,細懸浮微粒,對敏感族群不健康,2,0.29
宜蘭（頭城）,宜蘭縣,39,,良好,1.3,0.14
員林,彰化縣,79,細懸浮微粒,普通,2.6,0.31
大城,彰化縣,59,細懸浮微粒,普通,0.7,0.16
富貴角,新北市,45,,良好,0.9,0.15
麥寮,雲林縣,67,細懸浮微粒,普通,1.3,0.2
關山,臺東縣,29,,良好,0.7,0.16
馬公,澎湖縣,54,細懸浮微粒,普通,1.2,0.19
金門,金門縣,73,細懸浮微粒,普通,1.5,0.35
馬祖,連江縣,61,細懸浮微粒,普通,1.5,0.28
埔里,南投縣,40,,良好,1.6,0.32
復興,高雄市,107,細懸浮微粒,對敏感族群不健康,1.6,0.45
永和,新北市,32,,良好,0.5,0.26
竹山,南投縣,85,細懸浮微粒,普通,2.7,0.32
中壢,桃園市,67,細懸浮微粒,普通,1.5,0.72
三重,新北市,56,二氧化氮,普通,0.7,0.85
冬山,宜蘭縣,33,,良好,0.4,0.16
宜蘭,宜蘭縣,37,,良好,0.5,0.28
陽明,臺北市,40,,良好,0.6,0.21
花蓮,花蓮縣,37,,良好,1.1,0.24
臺東,臺東縣,34,,良好,0.7,0.2
恆春,屏東縣,40,,良好,0.7,0.14
潮州,屏東縣,97,細懸浮微粒,普通,1.7,0.3
屏東,屏東縣,105,細懸浮微粒,對敏感族群不健康,2.4,0.39
小港,高雄市,106,細懸浮微粒,對敏感族群不健康,3.1,0.3
前鎮,高雄市,105,細懸浮微粒,對敏感族群不健康,2,0.3
前金,高雄市,101,細懸浮微粒,對敏感族群不健康,1.2,0.29
左營,高雄市,105,細懸浮微粒,對敏感族群不健康,1.3,0.24
楠梓,高雄市,104,細懸浮微粒,對敏感族群不健康,2,0.3
林園,高雄市,100,細懸浮微粒,普通,1.2,0.25
大寮,高雄市,99,細懸浮微粒,普通,1.5,0.32
鳳山,高雄市,105,細懸浮微粒,對敏感族群不健康,2.2,0.76
仁武,高雄市,108,細懸浮微粒,對敏感族群不健康,1.1,0.31
橋頭,高雄市,113,細懸浮微粒,對敏感族群不健康,1.6,0.33
美濃,高雄市,75,細懸浮微粒,普通,1.5,0.33
臺南,臺南市,91,細懸浮微粒,普通,1.5,0.27
安南,臺南市,91,懸浮微粒,普通,1.2,0.27
善化,臺南市,90,細懸浮微粒,普通,1.8,0.21
新營,臺南市,85,細懸浮微粒,普通,1.1,0.25
嘉義,嘉義市,81,細懸浮微粒,普通,2.1,0.29
臺西,雲林縣,65,細懸浮微粒,普通,1.5,0.21
朴子,嘉義縣,69,細懸浮微粒,普通,,
新港,嘉義縣,78,細懸浮微粒,普通,1.2,0.21
崙背,雲林縣,83,細懸浮微粒,普通,0.9,0.23
斗六,雲林縣,84,細懸浮微粒,普通,2.1,0.28
南投,南投縣,63,細懸浮微粒,普通,1.7,0.33
二林,彰化縣,72,細懸浮微粒,普通,2.3,0.21
線西,彰化縣,68,細懸浮微粒,普通,1.5,0.2
彰化,彰化縣,73,細懸浮微粒,普通,1.5,0.3
西屯,臺中市,61,細懸浮微粒,普通,1.4,0.24
忠明,臺中市,64,細懸浮微粒,普通,2.6,0.31
大里,臺中市,70,細懸浮微粒,普通,,
沙鹿,臺中市,66,細懸浮微粒,普通,1.2,0.23
豐原,臺中市,70,細懸浮微粒,普通,3.6,0.3
三義,苗栗縣,41,,良好,1.8,0.24
苗栗,苗栗縣,53,細懸浮微粒,普通,3.6,0.19
頭份,苗栗縣,51,細懸浮微粒,普通,1.6,0.21
新竹,新竹市,49,,良好,0.9,0.25
竹東,新竹縣,49,,良好,0.6,0.37
湖口,新竹縣,55,細懸浮微粒,普通,0.8,0.21
龍潭,桃園市,68,細懸浮微粒,普通,3,0.4
平鎮,桃園市,54,細懸浮微粒,普通,2.2,0.42
觀音,桃園市,43,,良好,0.7,0.18
大園,桃園市,53,細懸浮微粒,普通,3.5,0.28
桃園,桃園市,55,細懸浮微粒,普通,4,0.44
大同,臺北市,62,二氧化氮,普通,1.1,1.47
松山,臺北市,32,,良好,2,0.23
古亭,臺北市,36,,良好,1.3,0.2
萬華,臺北市,36,,良好,0.6,0.31
中山,臺北市,35,,良好,0.9,0.28
士林,臺北市,39,,良好,0.6,0.2
淡水,新北市,33,,良好,,0.29
林口,新北市,43,,良好,2,0.29
菜寮,新北市,35,,良好,0.6,0.36
新莊,新北市,38,,良好,0.5,0.22
板橋,新北市,38,,良好,0.6,0.37
土城,新北市,33,,良好,,0.3
新店,新北市,37,,良好,0.5,0.21
萬里,新北市,39,,良好,0.1,0.19
汐止,新北市,32,,良好,0.6,0.22
基隆,基隆市,39,,良好,0.8,0.2
屏東(枋山),屏東縣,105,細懸浮微粒,對敏感族群不健康,2.3,0.34
花蓮（美崙）,花蓮縣,32,,良好,0.1,0.14
新北（樹林）,新北市,59,懸浮微粒,普通,3.9,0.34
台中市（和平區消防隊）,臺中市,39,,良好,0.8,0.31
屏東（琉球）,屏東縣,105,細懸浮微粒,對敏感族群不健康,1.7,0.25
臺南（麻豆）,臺南市,82,細懸浮微粒,普通,1.8,0.2
高雄（湖內）,高雄市,130,細懸浮微粒,對敏感族群不健康,,
宜蘭（頭城）,宜蘭縣,36,,良好,1.4,0.14
員林,彰化縣,79,細懸浮微粒,普通,1.8,0.27
大城,彰化縣,59,細懸浮微粒,普通,0.9,0.16
富貴角,新北市,39,,良好,0.9,0.15
麥寮,雲林縣,65,細懸浮微粒,普通,1.2,0.2
關山,臺東縣,26,,良好,0.9,0.16
馬公,澎湖縣,54,細懸浮微粒,普通,1.2,0.18
金門,金門縣,70,細懸浮微粒,普通,1.4,0.29
馬祖,連江縣,60,懸浮微粒,普通,1.5,0.23
埔里,南投縣,34,,良好,1.3,0.28
復興,高雄市,117,細懸浮微粒,對敏感族群不健康,1.8,0.32
永和,新北市,29,,良好,0.4,0.27
竹山,南投縣,83,細懸浮微粒,普通,2.6,0.29
中壢,桃園市,65,細懸浮微粒,普通,1.6,0.6
三重,新北市,55,二氧化氮,普通,0.5,0.98
冬山,宜蘭縣,35,,良好,0.5,0.18
宜蘭,宜蘭縣,34,,良好,0.9,0.18
陽明,臺北市,40,,良好,0.8,0.21
花蓮,花蓮縣,34,,良好,1,0.2
臺東,臺東縣,32,,良好,0.8,0.21
恆春,屏東縣,40,,良好,0.5,0.14
潮州,屏東縣,103,細懸浮微粒,對敏感族群不健康,2.3,0.28
屏東,屏東縣,99,細懸浮微粒,普通,3.1,0.37
小港,高雄市,110,細懸浮微粒,對敏感族群不健康,2.7,0.26
前鎮,高雄市,115,細懸浮微粒,對敏感族群不健康,1.8,0.29
前金,高雄市,108,細懸浮微粒,對敏感族群不健康,1.5,0.29
左營,高雄市,116,細懸浮微粒,對敏感族群不健康,1.6,0.25
楠梓,高雄市,111,細懸浮微粒,對敏感族群不健康,2.2,0.28
林園,高雄市,102,細懸浮微粒,對敏感族群不健康,1.4,0.29
大寮,高雄市,114,細懸浮微粒,對敏感族群不健康,1.7,0.3
鳳山,高雄市,107,細懸浮微粒,對敏感族群不健康,2.4,0.61
仁武,高雄市,118,細懸浮微粒,對敏感族群不健康,1.4,0.27
橋頭,高雄市,119,細懸浮微粒,對敏感族群不健康,2.1,0.32
美濃,高雄市,67,細懸浮微粒,普通,1.4,0.29
臺南,臺南市,95,細懸浮微粒,普通,1.6,0.25
安南,臺南市,86,懸浮微粒,普通,1.2,0.24
善化,臺南市,90,細懸浮微粒,普通,1.9,0.19
新營,臺南市,86,細懸浮微粒,普通,,
嘉義,嘉義市,83,細懸浮微粒,普通,,
臺西,雲林縣,65,細懸浮微粒,普通,2.3,0.2
朴子,嘉義縣,70,細懸浮微粒,普通,2.4,0.25
新港,嘉義縣,75,細懸浮微粒,普通,1.2,0.21
崙背,雲林縣,82,細懸浮微粒,普通,,
斗六,雲林縣,87,細懸浮微粒,普通,2.1,0.27
南投,南投縣,61,細懸浮微粒,普通,1.6,0.29
二林,彰化縣,73,細懸浮微粒,普通,1.9,0.21
線西,彰化縣,67,細懸浮微粒,普通,1.8,0.21
彰化,彰化縣,68,細懸浮微粒,普通,1.2,0.24
西屯,臺中市,60,細懸浮微粒,普通,1.5,0.22
忠明,臺中市,64,細懸浮微粒,普通,2.1,0.27
大里,臺中市,70,細懸浮微粒,普通,,
沙鹿,臺中市,63,細懸浮微粒,普通,1.3,0.21
豐原,臺中市,69,細懸浮微粒,普通,4.2,0.29
三義,苗栗縣,40,,良好,,
苗栗,苗栗縣,49,,良好,2.8,0.18
頭份,苗栗縣,48,,良好,2,0.2
新竹,新竹市,50,,良好,1.3,0.22
竹東,新竹縣,49,,良好,0.6,0.31
湖口,新竹縣,51,細懸浮微粒,普通,1.6,0.24
龍潭,桃園市,68,細懸浮微粒,普通,2.7,0.42
平鎮,桃園市,55,細懸浮微粒,普通,2.1,0.36
觀音,桃園市,41,,良好,1,0.17
大園,桃園市,52,細懸浮微粒,普通,4.2,0.33
桃園,桃園市,54,細懸浮微粒,普通,2.5,0.34
大同,臺北市,36,,良好,,
松山,臺北市,30,,良好,1.7,0.22
古亭,臺北市,34,,良好,1.3,0.2
萬華,臺北市,31,,良好,0.5,0.29
中山,臺北市,32,,良好,0.7,0.25
士林,臺北市,37,,良好,0.5,0.21
淡水,新北市,32,,良好,,
林口,新北市,39,,良好,2.1,0.26
菜寮,新北市,34,,良好,0.5,0.33
新莊,新北市,37,,良好,0.5,0.2
板橋,新北市,30,,良好,,0.29
土城,新北市,30,,良好,,0.26
新店,新北市,34,,良好,0.4,0.2
萬里,新北市,37,,良好,0.1,0.19
汐止,新北市,29,,良好,0.8,0.22
基隆,基隆市,37,,良好,0.7,0.22
屏東(枋山),屏東縣,104,細懸浮微粒,對敏感族群不健康,2.2,0.33
花蓮（美崙）,花蓮縣,30,,良好,0,0.14
新北（樹林）,新北市,58,二氧化氮,普通,3,0.37
台中市（和平區消防隊）,臺中市,32,,良好,1,0.33
屏東（琉球）,屏東縣,112,細懸浮微粒,對敏感族群不健康,2,0.27
臺南（麻豆）,臺南市,84,細懸浮微粒,普通,1.8,0.19
高雄（湖內）,高雄市,130,細懸浮微粒,對敏感族群不健康,2.6,0.25
宜蘭（頭城）,宜蘭縣,30,,良好,1.3,0.15
員林,彰化縣,84,細懸浮微粒,普通,1.7,0.25
大城,彰化縣,56,細懸浮微粒,普通,0.9,0.16
富貴角,新北市,37,,良好,0.7,0.15
麥寮,雲林縣,63,細懸浮微粒,普通,1.2,0.19
關山,臺東縣,23,,良好,,0.21
馬公,澎湖縣,52,細懸浮微粒,普通,1,0.18
金門,金門縣,62,細懸浮微粒,普通,1.3,0.27
馬祖,連江縣,60,懸浮微粒,普通,1.5,0.25
埔里,南投縣,32,,良好,1.3,0.22
復興,高雄市,124,細懸浮微粒,對敏感族群不健康,2.2,0.32
永和,新北市,26,,良好,0.2,0.3
竹山,南投縣,78,細懸浮微粒,普通,2.6,0.31
中壢,桃園市,64,二氧化氮,普通,1.2,0.78
三重,新北市,53,二氧化氮,普通,0.6,0.84
冬山,宜蘭縣,38,,良好,0.6,0.22
宜蘭,宜蘭縣,31,,良好,0.7,0.18
陽明,臺北市,40,,良好,0.9,0.23
花蓮,花蓮縣,31,,良好,0.9,0.19
臺東,臺東縣,31,,良好,0.7,0.2
恆春,屏東縣,40,,良好,0.4,0.14
潮州,屏東縣,104,細懸浮微粒,對敏感族群不健康,3.4,0.4
屏東,屏東縣,92,細懸浮微粒,普通,2.7,0.39
小港,高雄市,115,細懸浮微粒,對敏感族群不健康,3.1,0.28
前鎮,高雄市,122,細懸浮微粒,對敏感族群不健康,2.6,0.32
前金,高雄市,115,細懸浮微粒,對敏感族群不健康,1.8,0.32
左營,高雄市,127,細懸浮微粒,對敏感族群不健康,1.8,0.27
楠梓,高雄市,110,細懸浮微粒,對敏感族群不健康,2.5,0.3
林園,高雄市,112,細懸浮微粒,對敏感族群不健康,1.5,0.3
大寮,高雄市,122,細懸浮微粒,對敏感族群不健康,,
鳳山,高雄市,108,細懸浮微粒,對敏感族群不健康,,
仁武,高雄市,124,細懸浮微粒,對敏感族群不健康,1.6,0.3
橋頭,高雄市,125,細懸浮微粒,對敏感族群不健康,2.2,0.31
美濃,高雄市,64,細懸浮微粒,普通,1.4,0.28
臺南,臺南市,98,細懸浮微粒,普通,1.5,0.26
安南,臺南市,85,細懸浮微粒,普通,1.3,0.24
善化,臺南市,90,細懸浮微粒,普通,1.9,0.19
新營,臺南市,87,細懸浮微粒,普通,1.3,0.24
嘉義,嘉義市,88,細懸浮微粒,普通,2.1,0.23
臺西,雲林縣,62,細懸浮微粒,普通,1.8,0.2
朴子,嘉義縣,68,細懸浮微粒,普通,,
新港,嘉義縣,74,細懸浮微粒,普通,1.3,0.2
崙背,雲林縣,80,細懸浮微粒,普通,1.3,0.2
斗六,雲林縣,91,細懸浮微粒,普通,1.9,0.26
南投,南投縣,57,細懸浮微粒,普通,1.7,0.28
二林,彰化縣,72,細懸浮微粒,普通,1.7,0.19
線西,彰化縣,65,細懸浮微粒,普通,2.1,0.23
彰化,彰化縣,72,細懸浮微粒,普通,1,0.22
西屯,臺中市,64,細懸浮微粒,普通,1.4,0.21
忠明,臺中市,66,細懸浮微粒,普通,1.9,0.25
大里,臺中市,74,細懸浮微粒,普通,1.6,0.3
沙鹿,臺中市,63,細懸浮微粒,普通,1.4,0.2
豐原,臺中市,67,細懸浮微粒,普通,4.8,0.29
三義,苗栗縣,40,,良好,1.6,0.24
苗栗,苗栗縣,52,細懸浮微粒,普通,2.9,0.2
頭份,苗栗縣,49,,良好,2,0.23
新竹,新竹市,52,細懸浮微粒,普通,1.6,0.25
竹東,新竹縣,52,細懸浮微粒,普通,0.6,0.28
湖口,新竹縣,49,,良好,1.9,0.28
龍潭,桃園市,64,細懸浮微粒,普通,2.8,0.4
平鎮,桃園市,57,細懸浮微粒,普通,1.9,0.41
觀音,桃園市,46,,良好,1.7,0.16
大園,桃園市,53,細懸浮微粒,普通,2.9,0.33
桃園,桃園市,53,細懸浮微粒,普通,2.4,0.4
大同,臺北市,59,二氧化氮,普通,1.2,1.16
松山,臺北市,26,,良好,1.8,0.21
古亭,臺北市,31,,良好,1.3,0.21
萬華,臺北市,29,,良好,0.4,0.26
中山,臺北市,28,,良好,,
士林,臺北市,36,,良好,0.6,0.22
淡水,新北市,34,,良好,1.1,0.18
林口,新北市,39,,良好,2.3,0.28
菜寮,新北市,31,,良好,0.7,0.28
新莊,新北市,32,,良好,0.7,0.21
板橋,新北市,26,,良好,1.7,0.28
土城,新北市,27,,良好,,
新店,新北市,31,,良好,0.4,0.21
萬里,新北市,33,,良好,0.1,0.18
汐止,新北市,25,,良好,0.9,0.22
基隆,基隆市,32,,良好,0.8,0.22
屏東(枋山),屏東縣,96,細懸浮微粒,普通,4.2,0.46
花蓮（美崙）,花蓮縣,28,,良好,0.1,0.13
新北（樹林）,新北市,57,二氧化氮,普通,3.9,
台中市（和平區消防隊）,臺中市,26,,良好,0.8,0.31
屏東（琉球）,屏東縣,112,細懸浮微粒,對敏感族群不健康,2.4,0.33
臺南（麻豆）,臺南市,85,細懸浮微粒,普通,2.2,0.2
高雄（湖內）,高雄市,134,細懸浮微粒,對敏感族群不健康,,
宜蘭（頭城）,宜蘭縣,25,,良好,1.3,0.15
員林,彰化縣,88,細懸浮微粒,普通,2.5,0.25
大城,彰化縣,56,細懸浮微粒,普通,0.8,0.16
富貴角,新北市,38,,良好,1,0.15
麥寮,雲林縣,62,細懸浮微粒,普通,1.2,0.19
關山,臺東縣,22,,良好,,0.19
馬公,澎湖縣,52,細懸浮微粒,普通,1.1,0.19
金門,金門縣,62,細懸浮微粒,普通,1.1,0.25
馬祖,連江縣,61,細懸浮微粒,普通,1.4,0.24
埔里,南投縣,38,,良好,1.1,0.19
復興,高雄市,131,細懸浮微粒,對敏感族群不健康,2.7,0.37
永和,新北市,25,,良好,0.4,0.32
竹山,南投縣,72,細懸浮微粒,普通,2.4,0.37
中壢,桃園市,59,細懸浮微粒,普通,1,0.61
三重,新北市,60,二氧化氮,普通,1.2,0.72
冬山,宜蘭縣,40,,良好,0.5,0.22
宜蘭,宜蘭縣,28,,良好,0.6,0.2
陽明,臺北市,39,,良好,1.4,0.24
花蓮,花蓮縣,29,,良好,0.9,0.18
臺東,臺東縣,31,,良好,0.6,0.21
恆春,屏東縣,40,,良好,0.7,0.14
潮州,屏東縣,105,細懸浮微粒,對敏感族群不健康,5.2,0.52
屏東,屏東縣,85,細懸浮微粒,普通,1.8,0.31
小港,高雄市,117,細懸浮微粒,對敏感族群不健康,3.2,0.34
前鎮,高雄市,126,細懸浮微粒,對敏感族群不健康,2.9,0.34
前金,高雄市,118,細懸浮微粒,對敏感族群不健康,1.7,0.33
左營,高雄市,131,細懸浮微粒,對敏感族群不健康,1.9,0.3
楠梓,高雄市,111,細懸浮微粒,對敏感族群不健康,2.5,0.32
林園,高雄市,120,細懸浮微粒,對敏感族群不健康,1.7,0.32
大寮,高雄市,117,細懸浮微粒,對敏感族群不健康,2.1,0.45
鳳山,高雄市,111,細懸浮微粒,對敏感族群不健康,2.6,0.61
仁武,高雄市,130,細懸浮微粒,對敏感族群不健康,1.7,0.34
橋頭,高雄市,129,細懸浮微粒,對敏感族群不健康,2.1,0.33
美濃,高雄市,62,細懸浮微粒,普通,1,0.26
臺南,臺南市,102,細懸浮微粒,對敏感族群不健康,1.9,0.28
安南,臺南市,86,細懸浮微粒,普通,1.6,0.26
善化,臺南市,93,細懸浮微粒,普通,2.4,0.22
新營,臺南市,86,細懸浮微粒,普通,1.8,0.25
嘉義,嘉義市,88,細懸浮微粒,普通,2.5,0.24
臺西,雲林縣,60,細懸浮微粒,普通,1.6,0.2
朴子,嘉義縣,67,細懸浮微粒,普通,3.5,0.25
新港,嘉義縣,76,細懸浮微粒,普通,1.5,0.2
崙背,雲林縣,80,細懸浮微粒,普通,1.4,0.21
斗六,雲林縣,94,細懸浮微粒,普通,1.9,0.28
南投,南投縣,54,細懸浮微粒,普通,1.9,0.35
二林,彰化縣,76,細懸浮微粒,普通,2.2,0.2
線西,彰化縣,64,細懸浮微粒,普通,1.3,0.19
彰化,彰化縣,76,細懸浮微粒,普通,1,0.22
西屯,臺中市,65,細懸浮微粒,普通,1.4,0.2
忠明,臺中市,68,細懸浮微粒,普通,1.8,0.25
大里,臺中市,73,細懸浮微粒,普通,1.7,0.31
沙鹿,臺中市,66,細懸浮微粒,普通,1.4,0.19
豐原,臺中市,68,細懸浮微粒,普通,6.5,0.34
三義,苗栗縣,37,,良好,1.7,0.24
苗栗,苗栗縣,54,細懸浮微粒,普通,2.5,0.19
頭份,苗栗縣,53,細懸浮微粒,普通,2,0.25
新竹,新竹市,56,細懸浮微粒,普通,1.9,0.28
竹東,新竹縣,51,細懸浮微粒,普通,0.5,0.28
湖口,新竹縣,51,細懸浮微粒,普通,1.9,0.36
龍潭,桃園市,55,細懸浮微粒,普通,2.8,0.38
平鎮,桃園市,55,細懸浮微粒,普通,1.8,0.41
觀音,桃園市,51,細懸浮微粒,普通,1.6,0.22
大園,桃園市,55,細懸浮微粒,普通,3.5,0.33
桃園,桃園市,53,二氧化氮,普通,2.7,0.45
大同,臺北市,53,二氧化氮,普通,0.9,0.67
松山,臺北市,23,,良好,1.9,0.22
古亭,臺北市,27,,良好,1.2,0.21
萬華,臺北市,26,,良好,0.4,0.27
中山,臺北市,31,,良好,0.9,0.29
士林,臺北市,34,,良好,1,0.24
淡水,新北市,34,,良好,1.7,0.22
林口,新北市,40,,良好,3.5,0.35
菜寮,新北市,38,,良好,1.3,0.35
新莊,新北市,31,,良好,0.9,0.26
板橋,新北市,25,,良好,,
土城,新北市,27,,良好,1.1,0.29
新店,新北市,29,,良好,0.4,0.2
萬里,新北市,31,,良好,0.1,0.2
汐止,新北市,24,,良好,0.8,0.25
基隆,基隆市,28,,良好,0.7,0.21
屏東(枋山),屏東縣,81,細懸浮微粒,普通,6.3,0.61
花蓮（美崙）,花蓮縣,25,,良好,0.1,0.14
新北（樹林）,新北市,53,二氧化氮,普通,1.7,
台中市（和平區消防隊）,臺中市,26,,良好,0.4,0.26
屏東（琉球）,屏東縣,110,細懸浮微粒,對敏感族群不健康,2.9,0.36
臺南（麻豆）,臺南市,88,細懸浮微粒,普通,,
高雄（湖內）,高雄市,136,細懸浮微粒,對敏感族群不健康,3.5,0.45
宜蘭（頭城）,宜蘭縣,25,,良好,1.4,0.15
員林,彰化縣,90,細懸浮微粒,普通,3.8,0.37
大城,彰化縣,55,細懸浮微粒,普通,0.8,0.16
富貴角,新北市,37,,良好,1,0.15
麥寮,雲林縣,58,細懸浮微粒,普通,1.1,0.19
關山,臺東縣,22,,良好,,0.18
馬公,澎湖縣,51,懸浮微粒,普通,1,0.2
金門,金門縣,60,細懸浮微粒,普通,1.1,0.24
馬祖,連江縣,60,細懸浮微粒,普通,1.5,0.25
埔里,南投縣,46,,良好,1.1,0.21
復興,高雄市,133,細懸浮微粒,對敏感族群不健康,3,0.47
永和,新北市,25,,良好,0.6,0.42
竹山,南投縣,66,細懸浮微粒,普通,1.3,0.36
中壢,桃園市,58,二氧化氮,普通,1,0.72
三重,新北市,55,二氧化氮,普通,0.9,0.62
冬山,宜蘭縣,47,,良好,0.6,0.22
宜蘭,宜蘭縣,25,,良好,0.7,0.24
陽明,臺北市,38,,良好,1.1,0.23
花蓮,花蓮縣,30,,良好,0.9,0.2
臺東,臺東縣,30,,良好,0.8,0.22
恆春,屏東縣,39,,良好,0.7,0.15
潮州,屏東縣,93,細懸浮微粒,普通,7.2,0.4
屏東,屏東縣,89,細懸浮微粒,普通,1.3,0.28
小港,高雄市,115,細懸浮微粒,對敏感族群不健康,2.9,0.39
前鎮,高雄市,125,細懸浮微粒,對敏感族群不健康,3.8,0.44
前金,高雄市,120,細懸浮微粒,對敏感族群不健康,2.1,0.39
左營,高雄市,133,細懸浮微粒,對敏感族群不健康,2.2,0.42
楠梓,高雄市,111,細懸浮微粒,對敏感族群不健康,2.8,0.41
林園,高雄市,123,細懸浮微粒,對敏感族群不健康,,
大寮,高雄市,116,細懸浮微粒,對敏感族群不健康,5.2,0.58
鳳山,高雄市,111,細懸浮微粒,對敏感族群不健康,2.9,0.6
仁武,高雄市,130,細懸浮微粒,對敏感族群不健康,2,0.45
橋頭,高雄市,128,細懸浮微粒,對敏感族群不健康,2.6,0.44
美濃,高雄市,62,細懸浮微粒,普通,0.9,0.25
臺南,臺南市,104,細懸浮微粒,對敏感族群不健康,2.2,0.36
安南,臺南市,87,細懸浮微粒,普通,1.5,0.3
善化,臺南市,94,細懸浮微粒,普通,2.4,0.29
新營,臺南市,87,細懸浮微粒,普通,1.8,0.29
嘉義,嘉義市,91,細懸浮微粒,普通,2.9,0.31
臺西,雲林縣,57,懸浮微粒,普通,1.2,0.2
朴子,嘉義縣,66,細懸浮微粒,普通,4,0.28
新港,嘉義縣,84,細懸浮微粒,普通,,
崙背,雲林縣,84,細懸浮微粒,普通,,
斗六,雲林縣,91,細懸浮微粒,普通,2.1,0.39
南投,南投縣,52,細懸浮微粒,普通,1.6,0.33
二林,彰化縣,79,細懸浮微粒,普通,2.5,0.23
線西,彰化縣,67,細懸浮微粒,普通,1.1,0.18
彰化,彰化縣,78,細懸浮微粒,普通,1.7,0.24
西屯,臺中市,70,細懸浮微粒,普通,1.5,0.21
忠明,臺中市,72,細懸浮微粒,普通,1.8,0.27
大里,臺中市,75,細懸浮微粒,普通,2.3,0.37
沙鹿,臺中市,69,細懸浮微粒,普通,1.3,0.2
豐原,臺中市,61,細懸浮微粒,普通,6.5,0.36
三義,苗栗縣,34,,良好,1.5,0.29
苗栗,苗栗縣,56,細懸浮微粒,普通,2.3,0.21
頭份,苗栗縣,55,細懸浮微粒,普通,1.7,0.26
新竹,新竹市,58,細懸浮微粒,普通,1.4,0.32
竹東,新竹縣,48,,良好,0.9,0.32
湖口,新竹縣,48,,良好,1.7,0.26
龍潭,桃園市,45,,良好,2.5,0.42
平鎮,桃園市,49,,良好,1.9,0.36
觀音,桃園市,52,細懸浮微粒,普通,1.8,0.28
大園,桃園市,49,,良好,5.5,0.5
桃園,桃園市,57,二氧化氮,普通,3.3,0.47
大同,臺北市,57,二氧化氮,普通,1.1,0.95
松山,臺北市,23,,良好,1.8,0.23
古亭,臺北市,24,,良好,1.2,0.22
萬華,臺北市,23,,良好,0.5,0.28
中山,臺北市,29,,良好,0.9,0.3
士林,臺北市,34,,良好,0.8,0.25
淡水,新北市,34,,良好,1.1,0.22
林口,新北市,38,,良好,2.8,0.36
菜寮,新北市,26,,良好,0.8,0.34
新莊,新北市,27,,良好,0.6,0.24
板橋,新北市,26,,良好,1.6,0.27
土城,新北市,32,,良好,1,0.28
新店,新北市,28,,良好,0.5,0.22
萬里,新北市,28,,良好,0.1,0.2
汐止,新北市,24,,良好,0.7,0.24
基隆,基隆市,25,,良好,0.8,0.22
屏東(枋山),屏東縣,71,懸浮微粒,普通,,
花蓮（美崙）,花蓮縣,23,,良好,0.8,0.16
新北（樹林）,新北市,54,二氧化氮,普通,0.7,
台中市（和平區消防隊）,臺中市,32,,良好,0.4,0.27
屏東（琉球）,屏東縣,104,細懸浮微粒,對敏感族群不健康,3.8,0.41
臺南（麻豆）,臺南市,82,細懸浮微粒,普通,2.6,0.29
高雄（湖內）,高雄市,114,細懸浮微粒,對敏感族群不健康,3.2,0.46
宜蘭（頭城）,宜蘭縣,25,,良好,1.4,0.17
員林,彰化縣,93,細懸浮微粒,普通,3,0.48
大城,彰化縣,54,細懸浮微粒,普通,0.9,0.16
富貴角,新北市,33,,良好,1,0.14
麥寮,雲林縣,55,細懸浮微粒,普通,1.4,0.19
關山,臺東縣,25,,良好,0.7,0.19
馬公,澎湖縣,47,,良好,1.1,0.2
金門,金門縣,59,細懸浮微粒,普通,1,0.25
馬祖,連江縣,57,細懸浮微粒,普通,1.9,0.27
埔里,南投縣,50,,良好,1.4,0.35
復興,高雄市,124,細懸浮微粒,對敏感族群不健康,2.7,0.63
永和,新北市,26,,良好,,0.33
竹山,南投縣,59,細懸浮微粒,普通,0.9,0.29
中壢,桃園市,57,二氧化氮,普通,0.7,0.68
三重,新北市,35,,良好,,
冬山,宜蘭縣,52,懸浮微粒,普通,0.5,0.24
宜蘭,宜蘭縣,22,,良好,0.7,0.22
陽明,臺北市,38,,良好,,
花蓮,花蓮縣,32,,良好,,
臺東,臺東縣,29,,良好,0.6,0.23
恆春,屏東縣,39,,良好,0.9,0.15
潮州,屏東縣,92,細懸浮微粒,普通,2.3,0.32
屏東,屏東縣,93,細懸浮微粒,普通,1.5,0.31
小港,高雄市,110,細懸浮微粒,對敏感族群不健康,4,0.56
前鎮,高雄市,117,細懸浮微粒,對敏感族群不健康,3.1,0.48
前金,高雄市,118,細懸浮微粒,對敏感族群不健康,2.3,0.46
左營,高雄市,125,細懸浮微粒,對敏感族群不健康,2.7,0.51
楠梓,高雄市,103,細懸浮微粒,對敏感族群不健康,2.8,0.37
林園,高雄市,120,細懸浮微粒,對敏感族群不健康,5.1,0.54
大寮,高雄市,110,細懸浮微粒,對敏感族群不健康,3.4,0.56
鳳山,高雄市,112,細懸浮微粒,對敏感族群不健康,3.8,0.72
仁武,高雄市,124,細懸浮微粒,對敏感族群不健康,2.1,0.46
橋頭,高雄市,123,細懸浮微粒,對敏感族群不健康,2.7,0.45
美濃,高雄市,64,細懸浮微粒,普通,0.9,0.25
臺南,臺南市,103,細懸浮微粒,對敏感族群不健康,2.1,0.39
安南,臺南市,90,細懸浮微粒,普通,1.8,0.36
善化,臺南市,93,細懸浮微粒,普通,2.6,0.37
新營,臺南市,86,細懸浮微粒,普通,2.3,0.37
嘉義,嘉義市,90,細懸浮微粒,普通,5.1,0.41
臺西,雲林縣,56,細懸浮微粒,普通,2,0.21
朴子,嘉義縣,61,細懸浮微粒,普通,2.6,0.28
新港,嘉義縣,79,細懸浮微粒,普通,2.2,0.28
崙背,雲林縣,82,細懸浮微粒,普通,,
斗六,雲林縣,85,細懸浮微粒,普通,,
南投,南投縣,53,細懸浮微粒,普通,1.3,0.25
二林,彰化縣,79,細懸浮微粒,普通,2.6,0.25
線西,彰化縣,73,細懸浮微粒,普通,1.2,0.18
彰化,彰化縣,83,細懸浮微粒,普通,5,0.49
西屯,臺中市,73,細懸浮微粒,普通,1.6,0.32
忠明,臺中市,73,細懸浮微粒,普通,,
大里,臺中市,72,細懸浮微粒,普通,2.2,0.56
沙鹿,臺中市,71,細懸浮微粒,普通,1.5,0.23
豐原,臺中市,52,細懸浮微粒,普通,,
三義,苗栗縣,30,,良好,1.4,0.31
苗栗,苗栗縣,57,細懸浮微粒,普通,2.9,0.29
頭份,苗栗縣,54,細懸浮微粒,普通,2,0.3
新竹,新竹市,57,細懸浮微粒,普通,1.6,0.31
竹東,新竹縣,51,二氧化氮,普通,1.5,0.39
湖口,新竹縣,44,,良好,1.4,0.28
龍潭,桃園市,36,,良好,2.2,0.36
平鎮,桃園市,48,,良好,1.6,0.37
觀音,桃園市,53,細懸浮微粒,普通,2.6,0.36
大園,桃園市,54,二氧化氮,普通,8.2,0.43
桃園,桃園市,48,,良好,1.2,0.41
大同,臺北市,37,,良好,,0.96
松山,臺北市,24,,良好,1.8,0.22
古亭,臺北市,22,,良好,1.2,0.22
萬華,臺北市,22,,良好,0.5,0.27
中山,臺北市,38,,良好,0.9,0.37
士林,臺北市,33,,良好,0.7,0.24
淡水,新北市,35,,良好,0.8,0.26
林口,新北市,31,,良好,1.3,0.31
菜寮,新北市,27,,良好,0.6,0.33
新莊,新北市,33,,良好,0.5,0.22
板橋,新北市,24,,良好,1.2,0.32
土城,新北市,33,,良好,0.9,0.25
新店,新北市,27,,良好,0.5,0.22
萬里,新北市,26,,良好,0.1,0.2
汐止,新北市,26,,良好,,
基隆,基隆市,22,,良好,0.6,0.24
屏東(枋山),屏東縣,64,懸浮微粒,普通,5.1,0.62
花蓮（美崙）,花蓮縣,24,,良好,0.1,0.15
新北（樹林）,新北市,40,,良好,,
台中市（和平區消防隊）,臺中市,33,,良好,0.4,0.25
屏東（琉球）,屏東縣,98,細懸浮微粒,普通,5,0.48
臺南（麻豆）,臺南市,78,細懸浮微粒,普通,2.6,0.37
高雄（湖內）,高雄市,102,細懸浮微粒,對敏感族群不健康,3.6,0.49
宜蘭（頭城）,宜蘭縣,27,,良好,1.4,0.19
員林,彰化縣,92,細懸浮微粒,普通,2,0.52
大城,彰化縣,53,懸浮微粒,普通,0.9,0.16
富貴角,新北市,32,,良好,0.9,0.15
麥寮,雲林縣,53,細懸浮微粒,普通,1.4,0.21
關山,臺東縣,27,,良好,0.7,0.2
馬公,澎湖縣,45,,良好,1,0.19
金門,金門縣,62,細懸浮微粒,普通,1.2,0.25
馬祖,連江縣,54,細懸浮微粒,普通,3.7,0.32
埔里,南投縣,55,細懸浮微粒,普通,1.4,0.47
復興,高雄市,118,細懸浮微粒,對敏感族群不健康,2.7,0.9
永和,新北市,34,,良好,0.5,0.49
竹山,南投縣,56,細懸浮微粒,普通,0.7,0.21
中壢,桃園市,55,細懸浮微粒,普通,0.4,0.63
三重,新北市,57,二氧化氮,普通,0.7,0.77
冬山,宜蘭縣,53,懸浮微粒,普通,0.7,0.27
宜蘭,宜蘭縣,19,,良好,0.7,0.24
陽明,臺北市,38,,良好,0.7,0.21
花蓮,花蓮縣,30,,良好,1,
臺東,臺東縣,28,,良好,0.7,0.24
恆春,屏東縣,39,,良好,0.8,0.16
潮州,屏東縣,90,細懸浮微粒,普通,2.4,0.37
屏東,屏東縣,97,細懸浮微粒,普通,2,0.44
小港,高雄市,103,細懸浮微粒,對敏感族群不健康,2.9,0.67
前鎮,高雄市,112,細懸浮微粒,對敏感族群不健康,2.6,0.76
前金,高雄市,112,細懸浮微粒,對敏感族群不健康,2.5,0.49
左營,高雄市,114,細懸浮微粒,對敏感族群不健康,2.8,0.46
楠梓,高雄市,102,細懸浮微粒,對敏感族群不健康,3.4,0.41
林園,高雄市,113,細懸浮微粒,對敏感族群不健康,5.1,0.7
大寮,高雄市,106,細懸浮微粒,對敏感族群不健康,7.7,0.45
鳳山,高雄市,112,細懸浮微粒,對敏感族群不健康,7.3,0.82
仁武,高雄市,121,細懸浮微粒,對敏感族群不健康,2.8,0.52
橋頭,高雄市,118,細懸浮微粒,對敏感族群不健康,2.7,0.45
美濃,高雄市,66,細懸浮微粒,普通,0.8,0.27
臺南,臺南市,98,細懸浮微粒,普通,2.8,0.48
安南,臺南市,85,細懸浮微粒,普通,1.9,0.42
善化,臺南市,93,細懸浮微粒,普通,2.8,0.43
新營,臺南市,82,細懸浮微粒,普通,3.1,0.41
嘉義,嘉義市,86,細懸浮微粒,普通,6.2,0.45
臺西,雲林縣,52,細懸浮微粒,普通,1.2,0.22
朴子,嘉義縣,58,細懸浮微粒,普通,2.7,0.35
新港,嘉義縣,76,細懸浮微粒,普通,3.1,0.4
崙背,雲林縣,82,細懸浮微粒,普通,2.2,0.34
斗六,雲林縣,80,細懸浮微粒,普通,1.5,0.4
南投,南投縣,55,細懸浮微粒,普通,1.3,0.36
二林,彰化縣,77,細懸浮微粒,普通,3.4,0.42
線西,彰化縣,76,細懸浮微粒,普通,1.9,0.26
彰化,彰化縣,79,細懸浮微粒,普通,2.2,0.52
西屯,臺中市,74,細懸浮微粒,普通,1.8,0.44
忠明,臺中市,70,細懸浮微粒,普通,1.9,0.64
大里,臺中市,70,細懸浮微粒,普通,2.1,0.61
沙鹿,臺中市,73,細懸浮微粒,普通,1.8,0.39
豐原,臺中市,50,,良好,4.1,0.43
三義,苗栗縣,28,,良好,1.2,0.2
苗栗,苗栗縣,56,細懸浮微粒,普通,3.7,0.36
頭份,苗栗縣,56,細懸浮微粒,普通,2.5,0.32
新竹,新竹市,54,細懸浮微粒,普通,3.5,0.35
竹東,新竹縣,40,,良好,0.2,0.29
湖口,新竹縣,48,,良好,1.8,0.34
龍潭,桃園市,28,,良好,1.7,0.35
平鎮,桃園市,40,,良好,1,0.39
觀音,桃園市,52,二氧化氮,普通,2.3,0.59
大園,桃園市,38,,良好,,
桃園,桃園市,33,,良好,0.6,0.39
大同,臺北市,38,,良好,,
松山,臺北市,26,,良好,1.9,0.24
古亭,臺北市,21,,良好,1.2,0.23
萬華,臺北市,31,,良好,0.5,0.3
中山,臺北市,31,,良好,0.8,0.32
士林,臺北市,34,,良好,0.6,0.23
淡水,新北市,35,,良好,0.5,0.22
林口,新北市,36,,良好,1.1,0.31
菜寮,新北市,28,,良好,0.6,0.34
新莊,新北市,36,,良好,,
板橋,新北市,29,,良好,1.3,0.34
土城,新北市,40,,良好,1.2,0.37
新店,新北市,25,,良好,0.4,0.27
萬里,新北市,23,,良好,0.2,0.21
汐止,新北市,31,,良好,0.7,0.24
基隆,基隆市,21,,良好,0.9,0.21
屏東(枋山),屏東縣,59,懸浮微粒,普通,3.9,0.45
花蓮（美崙）,花蓮縣,25,,良好,0.1,0.2
新北（樹林）,新北市,59,二氧化氮,普通,1.2,0.65
台中市（和平區消防隊）,臺中市,34,,良好,0.3,0.25
屏東（琉球）,屏東縣,99,細懸浮微粒,普通,7.5,0.64
臺南（麻豆）,臺南市,71,細懸浮微粒,普通,1.4,0.45
高雄（湖內）,高雄市,96,細懸浮微粒,普通,3.3,0.5
宜蘭（頭城）,宜蘭縣,25,,良好,1.4,0.21
員林,彰化縣,87,細懸浮微粒,普通,1.9,0.47
大城,彰化縣,53,懸浮微粒,普通,0.9,0.17
富貴角,新北市,28,,良好,0.5,0.14
麥寮,雲林縣,48,,良好,1.3,0.22
關山,臺東縣,28,,良好,0.8,0.18
馬公,澎湖縣,45,,良好,1.2,0.19
金門,金門縣,62,細懸浮微粒,普通,1,0.23
馬祖,連江縣,53,細懸浮微粒,普通,2.2,0.31
埔里,南投縣,53,細懸浮微粒,普通,1.2,0.53
復興,高雄市,108,細懸浮微粒,對敏感族群不健康,2.7,1.17
永和,新北市,35,,良好,,
竹山,南投縣,56,細懸浮微粒,普通,0.7,0.24
中壢,桃園市,58,二氧化氮,普通,1.6,1.09
三重,新北市,60,二氧化氮,普通,1,1.03
冬山,宜蘭縣,53,懸浮微粒,普通,0.8,0.38
宜蘭,宜蘭縣,18,,良好,0.8,0.25
陽明,臺北市,39,,良好,0.6,0.2
花蓮,花蓮縣,20,,良好,1,
臺東,臺東縣,28,,良好,0.6,0.26
恆春,屏東縣,39,,良好,0.8,0.16
潮州,屏東縣,87,細懸浮微粒,普通,1.5,0.37
屏東,屏東縣,92,細懸浮微粒,普通,1.9,0.57
小港,高雄市,96,細懸浮微粒,普通,2.5,0.8
前鎮,高雄市,106,細懸浮微粒,對敏感族群不健康,3.1,0.83
前金,高雄市,104,細懸浮微粒,對敏感族群不健康,2.8,0.51
左營,高雄市,108,細懸浮微粒,對敏感族群不健康,2.9,0.6
楠梓,高雄市,95,細懸浮微粒,普通,3.5,0.39
林園,高雄市,105,細懸浮微粒,對敏感族群不健康,3.6,0.5
大寮,高雄市,104,細懸浮微粒,對敏感族群不健康,7.1,0.49
鳳山,高雄市,108,細懸浮微粒,對敏感族群不健康,6.7,0.79
仁武,高雄市,112,細懸浮微粒,對敏感族群不健康,2.8,0.82
橋頭,高雄市,111,細懸浮微粒,對敏感族群不健康,2.8,0.41
美濃,高雄市,66,細懸浮微粒,普通,0.7,0.29
臺南,臺南市,90,細懸浮微粒,普通,2.5,0.54
安南,臺南市,78,細懸浮微粒,普通,1.4,0.43
善化,臺南市,83,細懸浮微粒,普通,2.8,0.38
新營,臺南市,77,細懸浮微粒,普通,2.3,0.48
嘉義,嘉義市,82,細懸浮微粒,普通,5.8,0.56
臺西,雲林縣,50,,良好,1,0.22
朴子,嘉義縣,53,懸浮微粒,普通,2.4,0.36
新港,嘉義縣,68,細懸浮微粒,普通,2.8,0.43
崙背,雲林縣,80,細懸浮微粒,普通,,
斗六,雲林縣,81,細懸浮微粒,普通,1.6,0.3
南投,南投縣,57,細懸浮微粒,普通,1.4,0.43
二林,彰化縣,72,細懸浮微粒,普通,3.3,0.52
線西,彰化縣,77,細懸浮微粒,普通,2.5,0.42
彰化,彰化縣,74,細懸浮微粒,普通,1.2,0.55
西屯,臺中市,78,細懸浮微粒,普通,1.8,0.49
忠明,臺中市,71,細懸浮微粒,普通,2,0.67
大里,臺中市,66,細懸浮微粒,普通,1.9,0.71
沙鹿,臺中市,71,細懸浮微粒,普通,1.9,0.59
豐原,臺中市,46,,良好,1.8,0.43
三義,苗栗縣,30,,良好,1.1,0.21
苗栗,苗栗縣,53,細懸浮微粒,普通,1.7,0.42
頭份,苗栗縣,55,細懸浮微粒,普通,1.9,0.4
新竹,新竹市,54,二氧化氮,普通,3.3,0.55
竹東,新竹縣,40,,良好,1.6,0.32
湖口,新竹縣,30,,良好,1.3,0.33
龍潭,桃園市,27,,良好,1.4,0.27
平鎮,桃園市,43,,良好,0.8,0.42
觀音,桃園市,45,,良好,1.9,0.41
大園,桃園市,43,,良好,1.5,0.36
桃園,桃園市,51,二氧化氮,普通,0.8,0.56
大同,臺北市,38,,良好,,
松山,臺北市,26,,良好,2,0.23
古亭,臺北市,22,,良好,1.1,0.23
萬華,臺北市,33,,良好,0.4,0.33
中山,臺北市,51,二氧化氮,普通,0.9,0.44
士林,臺北市,34,,良好,0.6,0.24
淡水,新北市,36,,良好,0.4,0.24
林口,新北市,40,,良好,1,0.36
菜寮,新北市,36,,良好,0.6,0.45
新莊,新北市,38,,良好,0.6,0.49
板橋,新北市,40,,良好,1.2,0.43
土城,新北市,61,二氧化氮,普通,1.6,0.91
新店,新北市,25,,良好,0.3,0.28
萬里,新北市,21,,良好,0.3,0.22
汐止,新北市,35,,良好,0.8,0.3
基隆,基隆市,23,,良好,0.9,0.21
屏東(枋山),屏東縣,55,懸浮微粒,普通,4.8,0.46
花蓮（美崙）,花蓮縣,25,,良好,0,0.25
新北（樹林）,新北市,55,二氧化氮,普通,1.4,1.01
台中市（和平區消防隊）,臺中市,35,,良好,0.8,0.37
屏東（琉球）,屏東縣,95,細懸浮微粒,普通,7.6,0.47
臺南（麻豆）,臺南市,64,懸浮微粒,普通,1,0.42
高雄（湖內）,高雄市,91,細懸浮微粒,普通,2.7,0.54
宜蘭（頭城）,宜蘭縣,26,,良好,1.4,0.3
員林,彰化縣,84,細懸浮微粒,普通,2,0.79
大城,彰化縣,54,懸浮微粒,普通,0.7,0.17
富貴角,新北市,28,,良好,0.6,0.13
麥寮,雲林縣,47,,良好,1.2,0.21
關山,臺東縣,28,,良好,1,0.23
馬公,澎湖縣,45,,良好,1,0.19
金門,金門縣,63,細懸浮微粒,普通,1.1,0.25
馬祖,連江縣,53,細懸浮微粒,普通,1.8,0.26
埔里,南投縣,54,細懸浮微粒,普通,1.3,0.68
復興,高雄市,99,細懸浮微粒,普通,2.2,0.99
永和,新北市,52,二氧化氮,普通,1.3,1.43
竹山,南投縣,55,細懸浮微粒,普通,0.7,0.39
中壢,桃園市,60,二氧化氮,普通,,2.21
三重,新北市,62,二氧化氮,普通,1,1.16
冬山,宜蘭縣,47,,良好,0.9,0.44
宜蘭,宜蘭縣,17,,良好,1.1,0.27
陽明,臺北市,39,,良好,0.6,0.2
花蓮,花蓮縣,20,,良好,1.2,0.3
臺東,臺東縣,29,,良好,0.7,0.3
恆春,屏東縣,40,,良好,0.7,0.16
潮州,屏東縣,86,細懸浮微粒,普通,1.1,0.48
屏東,屏東縣,86,細懸浮微粒,普通,1.6,0.51
小港,高雄市,91,細懸浮微粒,普通,1.9,0.75
前鎮,高雄市,101,細懸浮微粒,對敏感族群不健康,2.4,0.78
前金,高雄市,97,細懸浮微粒,普通,2.8,0.55
左營,高雄市,99,細懸浮微粒,普通,2.7,0.55
楠梓,高雄市,91,細懸浮微粒,普通,3.3,0.4
林園,高雄市,104,細懸浮微粒,對敏感族群不健康,2.5,0.41
大寮,高雄市,96,細懸浮微粒,普通,2.5,0.51
鳳山,高雄市,103,細懸浮微粒,對敏感族群不健康,6.2,0.94
仁武,高雄市,104,細懸浮微粒,對敏感族群不健康,2.4,0.76
橋頭,高雄市,104,細懸浮微粒,對敏感族群不健康,3.2,0.45
美濃,高雄市,67,細懸浮微粒,普通,0.4,0.33
臺南,臺南市,80,細懸浮微粒,普通,2.3,0.56
安南,臺南市,70,細懸浮微粒,普通,1,0.52
